ranking,cod_municipio,nome_municipio,regiao_estimada,area_total_ha,area_soja_ha,area_milho_ha,area_arroz_ha,area_maca_ha,area_culturas_alvo_ha,valor_producao_mil_reais,rebanho_bovinos,rebanho_suinos,rebanho_aves,estabelecimentos_total,estabelecimentos_grandes_100ha_plus,ind_area_total,ind_culturas_alvo,ind_grandes_produtores,ind_infra_b2b,ind_concorrencia,score_composto
1,4203600,Campos Novos (SC),Serrana,90879,64000,9144,0,0,73144,670727.5428512989,65082,15358,361082,2191,161,100.0,100.0,45.48022598870056,0.0010762819102112676,0,69.09615282593113
2,4200101,Abelardo Luz (SC),Outras,69401,45500,4300,0,0,49800,907377.3774602318,29783,34571,253390,2194,125,76.36637727087667,68.08487367384885,35.31073446327684,0.0014112911525810288,0,50.81173848503967
3,4210100,Mafra (SC),Outras,52534,34200,5600,0,1,39801,801191.5315630465,28857,7222,463069,1510,120,57.80653396274167,54.41457945969594,33.89830508474576,0.0012831581666644008,0,40.61572108464938
4,4204806,Curitibanos (SC),Serrana,28708,24100,2900,0,0,27000,148296.07500515145,45663,23640,296366,1730,354,31.58925604375048,36.91348572678552,100.0,0.0026901718226738256,0,40.28488006419132
5,4203808,Canoinhas (SC),Outras,48596,29000,4800,0,0,33800,664215.1089021426,48066,32085,546047,829,74,53.47329966218819,46.21021546538336,20.903954802259886,0.0007615475970004027,0,34.44907586332338
6,4208104,Itaiópolis (SC),Outras,36553,22100,5400,0,14,27514,396159.0571056816,38185,28294,171555,1143,72,40.22161335402018,37.616209121732474,20.33898305084746,0.0013959289192505802,0,27.549553157401597
7,4200408,Água Doce (SC),Outras,29920,23200,4050,0,365,27615,184384.9570299072,26694,15427,516464,2237,115,32.92289747906557,37.754292901673416,32.48587570621469,0.0033376582142499063,0,27.459096250155664
8,4203501,Campo Erê (SC),Outras,32898,19700,2500,0,0,22200,387495.009530533,11912,32674,446975,788,112,36.199782127884326,30.351088264245874,31.63841807909605,0.00106928999144568,0,26.58548635563934
9,4216107,São Domingos (SC),Outras,30320,17200,1050,0,0,18250,211972.33546346927,22699,16097,151900,1773,91,33.36304316728837,24.950782019030953,25.70621468926554,0.00261046092524276,0,23.056264597254298
10,4207908,Irineópolis (SC),Outras,25020,14300,2900,0,0,17200,157396.01401483925,14113,8942,218422,505,126,27.53111279833625,23.515257574100403,35.59322033898305,0.0009010288500516708,0,22.633438043624402
11,4202602,Bom Retiro (SC),Serrana,11807,8000,2000,0,150,10150,70921.88111921906,56837,28138,384202,1448,245,12.99200035211655,13.876736300995296,69.2090395480226,0.005474496709252807,0,21.858739557765063
12,4209300,Lages (SC),Serrana,22607,14000,4000,0,0,18000,41365.76358795822,34495,27642,462692,911,117,24.875933934132195,24.60899048452368,33.05084745762712,0.0017989049388332826,0,21.469173880096495
13,4203402,Campo Belo do Sul (SC),Outras,20338,14800,3200,2,98,18100,548464.5412022657,24546,28743,109847,2416,124,22.379207517688354,24.745707098326587,35.02824858757062,0.005302971771333048,0,21.025329420463827
14,4212205,Papanduva (SC),Outras,26505,15700,3800,50,5,19555,216625.87836693207,12014,10837,735621,1962,73,29.165153665863404,26.73493382915892,20.62146892655367,0.0033045078742279374,0,21.016161476440075
15,4204301,Concórdia (SC),Oeste,9843,2200,5000,0,0,7200,114177.79710077807,36498,271954,873350,1837,247,10.830885022942594,9.843596193809471,69.77401129943502,0.008330854182388112,0,20.20734415178752
16,4216800,São José do Cerrito (SC),Outras,16534,10200,4000,0,6,14206,195849.90435065996,29423,8373,544971,2198,141,18.19342202268951,19.4219621568413,39.83050847457627,0.005934381614756576,0,19.189883380228384
17,4219507,Xanxerê (SC),Oeste,21568,10500,2500,0,0,13000,167770.3443240424,42593,204354,2413488,2156,112,23.732655508973473,17.773159794378213,31.63841807909605,0.0044624229217858965,0,19.077849234846656
18,4212106,Palmitos (SC),Oeste,11012,4300,4500,0,0,8800,64049.233721727214,61843,144394,3836658,1678,202,12.117210796773731,12.03106201465602,57.06214689265536,0.006802026176855924,0,18.661898863683568
19,4202008,Balneário Camboriú (SC),Outras,0,0,0,0,0,0,0.0,22883,30149,363327,2240,150,0.0,0.0,42.3728813559322,100.0,0,18.474576271186443
20,4210308,Major Vieira (SC),Outras,19046,13700,1000,0,15,14715,63609.672691070606,37786,34802,200574,2026,104,20.957536944728705,20.117849721098107,29.37853107344633,0.00474859182923445,0,18.24078143480176
21,4204202,Chapecó (SC),Oeste,22459,10800,4050,0,0,14850,88755.6426273659,60225,146834,1929970,1410,79,24.713080029489763,20.302417149732037,22.316384180790962,0.002802601450197176,0,18.188739394057638
22,4212007,Palma Sola (SC),Outras,15514,10050,1100,0,0,11150,143116.9442107441,38957,5943,646647,2452,146,17.071050517721364,15.24390243902439,41.24293785310734,0.007055384190414805,0,18.035136399999082
23,4218806,Turvo (SC),Sul,13960,600,780,11850,0,13230,82838.79515029048,44450,43146,380171,2049,139,15.361084518975781,18.087608006124906,39.26553672316384,0.0065520531685204705,0,17.75204413312237
24,4205308,Faxinal dos Guedes (SC),Outras,18886,12100,1850,0,0,13950,147991.26981505944,40185,10103,610743,1528,82,20.781478669439586,19.071967625505852,23.163841807909606,0.0036117057083859647,0,16.674638972833076
25,4211850,Ouro Verde (SC),Outras,17855,9500,2000,0,0,11500,46686.22407774964,14673,23705,200188,701,103,19.64700315804531,15.722410587334574,29.09604519774011,0.0017526121671786992,0,16.626438052914242
26,4216503,São Joaquim (SC),Serrana,9768,0,300,0,9000,9300,87282.86689102936,22682,15211,474707,1183,163,10.748357706400819,12.714645083670566,46.04519774011299,0.005406131640904903,0,16.150166629344618
27,4213609,Porto União (SC),Outras,10823,8600,1000,0,0,9600,72929.23564907938,33529,30784,97841,692,148,11.909241959088458,13.124794925079295,41.80790960451977,0.002854107274838982,0,15.811300748582223
28,4205001,Dionísio Cerqueira (SC),Outras,10503,7800,700,0,0,8500,128044.84078383345,22677,12221,99919,689,148,11.557125408510217,11.620912173247293,41.80790960451977,0.0029283062234794913,0,15.312096687816702
29,4205506,Fraiburgo (SC),Outras,17320,8000,4500,0,1604,14104,161032.6742108398,27864,6646,681755,2442,64,19.058308300047315,19.282511210762333,18.07909604519774,0.006293970160086435,0,15.107484313762702
30,4214201,Quilombo (SC),Oeste,14095,7000,4200,0,0,11200,75639.58695583447,48281,278352,1129775,829,103,15.509633688750975,15.312260745925846,29.09604519774011,0.0026254915274850008,0,15.075908566245074
31,4215000,Rio Negrinho (SC),Outras,12637,9400,1300,0,0,10700,31874.951853238486,31724,29615,370921,1370,114,13.905302655178865,14.628677676911298,32.20338983050847,0.004839429837451676,0,14.965187257625868
32,4211751,Otacílio Costa (SC),Outras,14183,13000,400,0,0,13400,159731.47192057088,36440,33675,625628,1471,84,15.606465740159994,18.320026249589848,23.728813559322035,0.004629839456933365,0,14.788495267263562
33,4215679,Santa Terezinha (SC),Outras,12808,5501,2000,0,0,7501,283515.05434991355,24381,34468,640175,2052,123,14.093464936894112,10.25511320135623,34.74576271186441,0.007151779440794976,0,14.446358748568958
34,4212270,Passos Maia (SC),Outras,10752,9000,800,0,0,9800,86759.90154119082,36459,26727,705314,1529,123,11.831116099428911,13.398228152685116,34.74576271186441,0.006347896268151081,0,14.440235004971095
35,4201406,Araranguá (SC),Sul,9162,600,950,5527,0,7077,68409.68754479002,23232,40639,728862,2838,149,10.081536988743274,9.675434758831893,42.090395480225986,0.013826959355170637,0,14.366858427748832
36,4201950,Balneário Arroio do Silva (SC),Outras,0,0,0,0,0,0,0.0,42240,31213,782697,1626,124,0.0,0.0,35.02824858757062,72.58928571428571,0,14.264578288942696
37,4205456,Forquilhinha (SC),Outras,12564,1200,1400,9750,0,12350,111624.96769841865,22717,12865,130855,2235,91,13.824976067078204,16.8845018046593,25.70621468926554,0.007940850434881472,0,14.20190409753879
38,4207684,Ipuaçu (SC),Outras,15781,10300,1700,0,0,12000,109615.41389700511,27242,7552,393504,561,71,17.364847764610087,16.405993656349118,20.056497175141246,0.001586911852562594,0,14.190653257914313
39,4204905,Descanso (SC),Outras,9721,3650,3550,0,0,7200,82033.18294573644,31692,30118,589280,892,141,10.69664058803464,9.843596193809471,39.83050847457627,0.004096011990478149,0,14.171234550378793
40,4206405,Guaraciaba (SC),Outras,10514,6250,2550,0,0,8800,117721.94866529775,29952,26336,211375,617,124,11.569229414936345,12.03106201465602,35.02824858757062,0.0026195570953060254,0,14.06290747211538
41,4203253,Capão Alto (SC),Outras,13273,9000,2800,0,55,11855,110356.77574069776,29012,28255,217708,2034,86,14.605134299453118,16.207754566334902,24.293785310734464,0.006840709012247358,0,14.023176779440433
42,4210506,Maravilha (SC),Oeste,7281,3900,1300,0,0,5200,109590.67710134902,29418,358075,1822844,2244,155,8.011751889875548,7.109263917751285,43.78531073446328,0.013757013379369874,0,13.339866989124856
43,4204103,Caxambu do Sul (SC),Outras,8583,4250,2680,0,0,6930,112446.71430049668,27185,27510,775044,1604,134,9.444426105040767,9.474461336541616,37.85310734463277,0.008341931833311144,0,13.245620133009558
44,4202875,Brunópolis (SC),Outras,11692,9230,2100,0,0,11330,108299.61386138614,43351,6919,796710,925,86,12.865458466752495,15.489992343869627,24.293785310734464,0.0035315695593212057,0,13.234518768433603
45,4219705,Xaxim (SC),Outras,8134,4100,1300,0,0,5400,85819.75530461052,48776,13632,339422,2130,144,8.950362570010673,7.3826971453571035,40.67796610169492,0.011688910352094125,0,13.115063297217205
46,4218905,Urubici (SC),Serrana,1956,90,600,0,630,1320,15771.186937687438,75807,22937,344005,1859,207,2.1523124154095004,1.8046593021984032,58.47457627118644,0.04240729250310242,0,12.903630154430525
47,4204608,Criciúma (SC),Sul,5062,1800,1200,518,0,3518,28811.46786952271,22734,25937,993102,1069,172,5.570043684459556,4.80969047358635,48.58757062146893,0.009425876809345108,0,12.870394619932153
48,4214508,Rio do Campo (SC),Outras,6854,2000,1700,1500,0,5200,89962.71563694908,19929,8096,752156,2203,149,7.541896367697707,7.109263917751285,42.090395480225986,0.014346931332708139,0,12.836493497310487
49,4200507,Águas de Chapecó (SC),Oeste,3264,1300,800,0,0,2100,35756.14758604669,68214,125089,4713351,1686,191,3.5915888158980622,2.871048889861096,53.954802259887,0.023052942463355944,0,12.768084054253332
50,4203907,Capinzal (SC),Outras,8405,5200,980,0,0,6180,26349.270198545313,26066,33038,780292,1366,126,9.248561273781622,8.449086733019797,35.59322033898305,0.00725459705652425,0,12.46863765658078
51,4211603,Nova Veneza (SC),Outras,9955,100,900,8800,0,9800,71168.0601003042,48361,26022,432496,1925,91,10.954125815644979,13.398228152685116,25.70621468926554,0.008631729610285254,0,12.325607184461159
52,4210803,Meleiro (SC),Sul,13268,560,1400,10975,0,12935,55136.99509803922,52480,24170,393769,812,47,14.599632478350333,17.68429399540632,13.27683615819209,0.0027319315698244024,0,12.186585291069598
53,4219150,Vargem (SC),Outras,5548,3450,1550,0,0,5000,20180.605320873463,30032,10977,600994,1997,147,6.10482069565026,6.835830690145467,41.52542372881356,0.016066279638544914,0,12.152336289740523
54,4216701,São José do Cedro (SC),Outras,10444,4800,4000,0,0,8800,36209.82342257894,44532,6581,80875,671,90,11.492203919497355,12.03106201465602,25.423728813559322,0.002867913560828831,0,12.115069429556026
55,4202537,Bom Jesus (SC),Outras,5714,3500,600,0,0,4100,38445.58330010822,10029,7628,270950,1456,150,6.287481156262722,5.605381165919283,42.3728813559322,0.011373578302712161,0,12.077677325188487
56,4204707,Cunha Porã (SC),Outras,9114,5200,1200,0,0,6400,92692.70206022187,33018,9620,444565,654,107,10.028719506156538,8.749863283386198,30.225988700564972,0.0032031188778308913,0,11.743035700002116
57,4207007,Içara (SC),Outras,10160,3000,2000,2200,0,7200,268414.74884218024,12323,22567,215680,1663,93,11.179700480859164,9.843596193809471,26.27118644067797,0.007306472928704993,0,11.62876215218154
58,4202453,Bombinhas (SC),Outras,0,0,0,0,0,0,0.0,44206,6196,197925,2019,45,0.0,0.0,12.711864406779661,90.13392857142857,0,11.55576573849879
59,4219853,Zortéa (SC),Outras,10330,7250,500,0,0,7750,87134.86824184284,37295,25828,359473,581,82,11.366762398353854,10.595537569725472,23.163841807909606,0.0025106475655793242,0,11.260270658193697
60,4208500,Ituporanga (SC),Outras,15990,4000,3100,0,0,7100,389381.56596995424,27618,30429,530810,570,47,17.5948238867065,9.706879580006563,13.27683615819209,0.0015912968902150318,0,11.240434616676357
61,4217303,Saudades (SC),Outras,12018,7000,3000,2,0,10002,39843.54945968412,39615,23661,146248,855,56,13.224177202654078,13.674395712566993,15.819209039548024,0.0031757752605992896,0,11.21122033450634
62,4213401,Ponte Serrada (SC),Outras,6569,5900,300,0,0,6200,48057.795703722586,24201,34260,189870,2447,116,7.228292564838962,8.476430055780378,32.7683615819209,0.01662725592520113,0,11.204344953615433
63,4217907,Tangará (SC),Outras,9821,3500,4700,0,80,8280,74054.31729518855,44957,18541,698768,1562,81,10.80667701009034,11.320135622880892,22.88135593220339,0.007099586933123892,0,11.189352004385832
64,4204400,Coronel Freitas (SC),Outras,4277,2500,600,0,0,3100,53583.15126737531,47098,33053,104592,786,150,4.706257771322308,4.238215027890189,42.3728813559322,0.008202264075335603,0,11.18214047452933
65,4214607,Rio do Oeste (SC),Outras,4421,200,1350,1315,0,2865,42711.423101549495,36808,31864,781243,1047,149,4.864710219082516,3.916930985453352,42.090395480225986,0.010570120178329133,0,11.10101743110525
66,4210902,Modelo (SC),Outras,4175,2000,900,0,0,2900,19641.981000279407,40311,24424,321956,1420,148,4.594020620825493,3.9647818002843707,41.80790960451977,0.01518028188286809,0,10.962202616452256
67,4203303,Campo Alegre (SC),Outras,4438,2250,1000,0,0,3250,34655.940907427736,26601,13473,666848,1366,140,4.883416410831985,4.443289948594553,39.548022598870055,0.013737810961284718,0,10.730996531809973
68,4217154,São Miguel da Boa Vista (SC),Oeste,1230,500,380,0,0,880,5913.461538461538,27837,89577,1714471,2997,173,1.3534479912851154,1.2031062014656022,48.87005649717514,0.10868776836486017,0,10.559363423587705
69,4208708,Jacinto Machado (SC),Outras,13352,60,870,8056,0,8986,165850.26965492708,21726,26393,467464,2052,36,14.692063072877124,12.285354916329434,10.16949152542373,0.006860416599801008,0,10.248145151334077
70,4218301,Três Barras (SC),Outras,9501,7600,900,0,0,8500,73747.09694860021,30893,15716,533664,817,65,10.454560459512098,11.620912173247293,18.361581920903955,0.003838477613735454,0,10.237024436083221
71,4205605,Galvão (SC),Outras,8614,5200,500,0,0,5700,121672.2716570413,20818,6273,642772,1369,87,9.478537395878035,7.792846986765832,24.576271186440678,0.007094146422353038,0,10.181663487179142
72,4215208,Romelândia (SC),Outras,2472,1000,900,0,0,1900,7681.517114754099,21841,33315,259213,2116,150,2.720100353216915,2.5976156622552775,42.3728813559322,0.03819825544451504,0,10.079835135920634
73,4212056,Palmeira (SC),Outras,2725,2200,300,0,0,2500,29262.61425959781,46862,22148,600349,572,144,2.9984925010178367,3.4179153450727333,40.67796610169492,0.009367466722565769,0,10.040481178635666
74,4205555,Frei Rogério (SC),Outras,6332,3800,1700,0,2,5502,28279.06681034483,11990,17101,435169,1247,101,6.967506244566951,7.522148091436072,28.53107344632768,0.008790406261983713,0,10.026257938349186
75,4206603,Guarujá do Sul (SC),Outras,2882,1890,380,0,0,2270,38225.19612959339,11621,12151,695433,611,144,3.1712496836452866,3.103467133326042,40.67796610169492,0.009461250681333928,0,10.022343518014477
76,4219101,Vargeão (SC),Outras,7133,5800,700,0,0,6500,81438.1223197253,12544,30000,418061,1937,89,7.848897985233112,8.886579897189106,25.141242937853107,0.012121280387680722,0,9.998219984738254
77,4204194,Chapadão do Lageado (SC),Outras,4113,640,800,0,0,1440,14257.76158323632,45389,32747,190286,844,139,4.525798039150959,1.9687192387618944,39.26553672316384,0.009158622126536564,0,9.93023233023873
78,4211256,Morro Grande (SC),Outras,4074,80,550,3100,0,3730,37261.00787180208,19358,28964,192499,583,125,4.482883834549236,5.099529694848518,35.31073446327684,0.0063869412795793164,0,9.906677352587687
79,4209458,Lajeado Grande (SC),Outras,4243,2400,900,0,0,3300,10984.902474264041,36666,28910,129859,2456,126,4.668845387823369,4.511648255496008,35.59322033898305,0.025834791975225528,0,9.883235496606314
80,4218004,Tijucas (SC),Outras,2014,0,22,1712,0,1734,17070.530756364988,17548,10394,517149,2413,150,2.216133540201807,2.3706660833424475,42.3728813559322,0.053460652250974836,0,9.848235596317783
81,4205803,Garuva (SC),Outras,2919,0,0,1000,0,1000,16767.762910166755,20618,21459,433285,1330,148,3.211963159805896,1.3671661380290931,41.80790960451977,0.020333904109589043,0,9.829593951754251
82,4207304,Imbituba (SC),Outras,2341,95,30,1890,0,2015,4367.368814649148,17407,19284,797662,994,143,2.575952640323947,2.754839768128623,40.3954802259887,0.018947480785653288,0,9.671284159421843
83,4217501,Seara (SC),Outras,2937,500,2000,0,0,2500,31668.21589872263,33315,33975,781762,2031,135,3.231769715775922,3.4179153450727333,38.13559322033898,0.030861008460565983,0,9.61580298170361
84,4202131,Bela Vista do Toldo (SC),Outras,11195,6100,1000,0,5,7105,63640.937325386476,35407,28435,130377,1806,50,12.318577449135663,9.713715410696707,14.124293785310735,0.007201232583065382,0,9.565509840192112
85,4209201,Lacerdópolis (SC),Outras,2730,470,2000,0,0,2470,44277.9682733374,30752,7354,272236,2160,135,3.003994322120622,3.37690036093186,38.13559322033898,0.03530888737772664,0,9.526272635780751
86,4201604,Arroio Trinta (SC),Outras,1920,250,1450,0,0,1700,29607.541350578285,24300,17407,195711,1047,145,2.1126993034694483,2.3241824346494586,40.96045197740113,0.02433163530899085,0,9.515013923887796
87,4208807,Jaguaruna (SC),Sul,6854,510,150,3800,0,4460,35066.331116227506,34058,46259,908423,1248,94,7.541896367697707,6.097560975609756,26.55367231638418,0.008127539856205063,0,9.475601189859095
88,4204178,Cerro Negro (SC),Outras,9991,6100,2400,2,0,8502,92127.7903155127,27080,11277,458358,1718,48,10.993738927585031,11.62364650552335,13.559322033898304,0.0076757834839300005,0,9.466352236163653
89,4207759,Iraceminha (SC),Outras,6576,3400,1100,0,0,4500,34349.4077542611,22289,29009,100559,2134,95,7.2359951143828605,6.15224762113092,26.836158192090398,0.01448500184626078,0,9.439340333919436
90,4200903,Angelina (SC),Outras,2037,0,900,0,0,900,32725.731388114138,41915,8009,160064,2005,146,2.241441917274618,1.230449524226184,41.24293785310734,0.04391998457871863,0,9.345096621182002
91,4209102,Joinville (SC),Outras,5526,0,0,3091,0,3091,47929.666888499,21744,19238,110979,1244,108,6.080612682798006,4.225910532647927,30.508474576271187,0.010048075680425962,0,9.287391794963565
92,4216909,São Lourenço do Oeste (SC),Outras,9710,6100,1150,0,0,7250,74564.26373626373,27675,12358,371407,1550,54,10.684536581608512,9.911954500710927,15.254237288135593,0.00712557188460803,0,9.26913644355629
93,4210605,Massaranduba (SC),Outras,7649,0,35,5224,0,5259,21277.311247362868,9992,9525,376784,1232,80,8.416685923040527,7.189926719895001,22.598870056497177,0.007189542483660131,0,9.263814718585735
94,4201000,Anita Garibaldi (SC),Outras,6503,3500,2000,0,0,5500,22513.452239891903,38713,6784,90978,638,86,7.1556685262821995,7.519413759160014,24.293785310734464,0.004379173256018274,0,9.243532403461268
95,4217808,Taió (SC),Outras,6565,920,2300,2000,0,5220,26642.007635597685,22452,28531,379940,1407,87,7.223891107956734,7.136607240511866,24.576271186440678,0.009566326530612245,0,9.22872456785402
96,4211892,Painel (SC),Outras,1521,850,250,0,350,1450,12962.886668611434,24075,6450,451805,1926,144,1.6736539794672038,1.9823909001421853,40.67796610169492,0.0564928665290032,0,9.222619124840953
97,4215653,Santa Rosa do Sul (SC),Outras,2791,100,130,800,0,1030,69706.8214347153,16789,15343,392598,1360,136,3.071116539574599,1.4081811221699663,38.4180790960452,0.021745804338927546,0,9.112726469036534
98,4218509,Treze Tílias (SC),Outras,2640,830,1600,0,0,2430,15336.109589041094,13928,27689,518309,1691,128,2.9049615422704917,3.322213715410697,36.15819209039548,0.028584275436793424,0,9.08178681427012
99,4209177,Jupiá (SC),Outras,3669,2600,300,0,0,2900,15075.390914662172,9857,28494,244895,1988,118,4.037236325223649,3.9647818002843707,33.33333333333333,0.024182561307901907,0,9.073313086696826
100,4211652,Novo Horizonte (SC),Outras,4890,4000,200,0,0,4200,18643.03524229075,13613,34175,712089,1979,101,5.380781038523751,5.742097779722192,28.53107344632768,0.018063425533779248,0,9.026818840232774
101,4207205,Imaruí (SC),Outras,3196,140,45,2592,0,2777,7166.472860337467,36775,31249,415020,2387,121,3.516764048900186,3.7966203653067923,34.18079096045198,0.03333203002815139,0,9.019513903534975
102,4217758,Sul Brasil (SC),Outras,1608,750,450,3,0,1203,29738.14190954774,27368,33078,551132,1525,140,1.769385666655663,1.6447008640489993,39.548022598870055,0.042312216993696174,0,8.944295940815111
103,4218855,União do Oeste (SC),Outras,3958,2000,650,0,0,2650,45734.740964390374,44680,34643,635693,1406,115,4.355241584964623,3.622990265777097,32.48587570621469,0.015854472630173564,0,8.92884270968785
104,4203154,Calmon (SC),Outras,3358,1500,1000,0,0,2500,20495.41475359657,41411,30535,696298,712,120,3.695023052630421,3.4179153450727333,33.89830508474576,0.009462850338110833,0,8.928344206671794
105,4212908,Pinhalzinho (SC),Outras,7041,3800,1810,10,0,5620,79960.30101694915,14167,34766,351839,2430,76,7.747664476941868,7.683473695723504,21.468926553672315,0.015405018866393477,0,8.927876803481633
106,4211702,Orleans (SC),Outras,3715,100,900,3,0,1003,29037.73225827512,33540,14426,771243,811,126,4.087853079369271,1.3712676364431806,35.59322033898305,0.009743099338766723,0,8.893183864620529
107,4202438,Bocaina do Sul (SC),Outras,2729,1800,400,0,0,2200,40637.14641817123,24010,34755,300674,2184,124,3.002893957900065,3.007765503664005,35.02824858757062,0.03571428571428571,0,8.812175407266578
108,4206504,Guaramirim (SC),Outras,5476,0,80,4700,0,4780,52971.11214748962,17457,26481,535957,2288,89,6.025594471770155,6.535054139779066,25.141242937853107,0.018649417042698034,0,8.772835129339212
109,4203105,Caibi (SC),Outras,2515,1100,1000,0,0,2100,11957.754574383453,36388,27971,664622,2357,125,2.7674160147008657,2.871048889861096,35.31073446327684,0.041821627299568474,0,8.752686882995903
110,4207601,Ipira (SC),Outras,1543,340,850,0,0,1190,3746.5842932603578,19200,30256,364660,1952,137,1.6978619923194578,1.626927704254621,38.70056497175141,0.056439674315321986,0,8.74674058515728
111,4207403,Imbuia (SC),Outras,5319,350,1200,0,0,1550,15831.34161302077,16760,22556,395451,1344,109,5.852837289142706,2.1191075139450946,30.7909604519774,0.011278195488721804,0,8.737589839630573
112,4203006,Caçador (SC),Outras,8720,3250,3250,0,85,6585,109974.63090039509,27311,10954,203384,1655,55,9.595176003257077,9.002789018921579,15.53672316384181,0.008471956033875539,0,8.71720068424212
113,4217709,Sombrio (SC),Sul,4989,200,1100,1340,0,2640,23540.149116847828,32414,30744,539798,2223,104,5.489717096358895,3.6093186043968064,29.37853107344633,0.01988799026624678,0,8.701425648540706
114,4200051,Abdon Batista (SC),Outras,5974,3270,2150,0,0,5420,34652.44233378562,22389,14732,414104,1729,80,6.573575853607544,7.410040468117686,22.598870056497177,0.012918410041841005,0,8.674327518095682
115,4215695,Santiago do Sul (SC),Outras,2529,1600,400,0,0,2000,19206.60058948005,11996,7162,292541,564,124,2.782821113788664,2.7343322760581863,35.02824858757062,0.009952004517221908,0,8.664215376806427
116,4215307,Salete (SC),Outras,1415,400,600,90,0,1090,14029.456856966624,34912,28426,753061,1620,136,1.5570153720881612,1.4902110904517116,38.4180790960452,0.05107445520581114,0,8.606231417573404
117,4204459,Coronel Martins (SC),Outras,3318,2700,150,0,0,2850,25259.76893640284,39318,13631,583074,1397,112,3.6510084838081407,3.896423493382916,31.63841807909605,0.01879062109929841,0,8.581521520607719
118,4201257,Apiúna (SC),Outras,926,0,428,35,0,463,13843.288754818166,46507,15126,395507,844,142,1.018937268235786,0.6329979219074702,40.11299435028249,0.04064570812143627,0,8.541540965228034
119,4214102,Presidente Nereu (SC),Outras,1694,0,680,0,0,680,9397.459919293271,11680,31774,607312,1895,135,1.8640169896235652,0.9296729738597834,38.13559322033898,0.04991045090602613,0,8.516933878991592
120,4206652,Guatambú (SC),Outras,8386,4600,680,5,0,5285,98045.27765977988,43877,8729,398713,868,61,9.227654353591038,7.2254730394837585,17.231638418079097,0.004620245618218671,0,8.482836991805444
121,4210555,Marema (SC),Outras,1746,800,550,0,0,1350,17829.770870979402,34321,16456,717994,611,130,1.9212359290925296,1.8456742863392759,36.72316384180791,0.015613500695069098,0,8.480045265198292
122,4213807,Praia Grande (SC),Outras,5171,30,150,4536,0,4716,37073.94480007422,23737,25004,347996,1297,86,5.68998338450027,6.447555506945204,24.293785310734464,0.011195240857363828,0,8.463259647544023
123,4217402,Schroeder (SC),Outras,1193,0,105,268,0,373,20314.58773398265,13165,30652,435812,1718,139,1.3127345151245062,0.5099529694848518,39.26553672316384,0.06423486480019143,0,8.446476153777576
124,4201273,Arabutã (SC),Outras,757,10,350,0,0,360,10836.6428796306,42195,28106,503787,933,141,0.8329757149616522,0.4921798096904736,39.83050847457627,0.054949585375047114,0,8.386183106111956
125,4215802,São Bento do Sul (SC),Outras,3196,1250,800,20,0,2070,41224.883081155436,21387,5140,528583,1088,114,3.516764048900186,2.830033905720223,32.20338983050847,0.015192814692345503,0,8.380573141116049
126,4200556,Águas Frias (SC),Outras,2279,1000,760,0,0,1760,29324.382670930412,34586,11279,190878,2017,122,2.507730058649413,2.4062124029312044,34.463276836158194,0.03949326441102757,0,8.375863314932836
127,4207809,Irani (SC),Outras,4881,3400,800,0,0,4200,23300.304241109654,30055,16734,716096,2394,89,5.370877760538739,5.742097779722192,25.141242937853107,0.02189164276935682,0,8.345769412966666
128,4208955,Jardinópolis (SC),Outras,1697,900,50,0,0,950,24503.850402227723,46801,20999,491920,1290,130,1.8673180822852364,1.2988078311276388,36.72316384180791,0.03391595153962645,0,8.326287650097287
129,4202057,Balneário Barra do Sul (SC),Outras,15,0,0,0,0,0,191.28700511235286,14355,24899,339052,1232,141,0.016505463308355065,0.0,39.83050847457627,3.4375000000000004,0,8.31562860707318
130,4219309,Videira (SC),Outras,8478,2300,4900,0,63,7263,58142.54558278963,26331,30374,509675,1342,45,9.328887861882283,9.929727660505304,12.711864406779661,0.007065775950668036,0,8.290622125736123
131,4211454,Nova Itaberaba (SC),Outras,2127,800,800,0,0,1600,23745.195944823,44155,15362,341634,2435,122,2.340474697124748,2.1874658208465494,34.463276836158194,0.05108334452201933,0,8.26379630088914
132,4215703,Santo Amaro da Imperatriz (SC),Outras,233,0,10,15,0,25,5076.475637351033,44845,30376,630591,1927,143,0.256384863389782,0.034179153450727334,40.3954802259887,0.36763583638583636,0,8.214139119385429
133,4210704,Matos Costa (SC),Outras,1860,400,1150,0,0,1550,13009.912526242128,29391,29337,101074,952,123,2.0466774502360283,2.1191075139450946,34.74576271186441,0.022837184309511017,0,8.197550246872716
134,4215406,Salto Veloso (SC),Outras,1667,70,1500,0,0,1570,5761.06813602784,37847,8678,166017,2174,124,1.8343071556685262,2.1464508367056765,35.02824858757062,0.05818559438163755,0,8.190088490612691
135,4213302,Ponte Alta (SC),Outras,4965,3700,1100,0,0,4800,33340.75969827586,25876,22128,366737,2121,82,5.463308355065527,6.562397462539647,23.163841807909606,0.019067156665324204,0,8.1874323671563
136,4210001,Luiz Alves (SC),Outras,5783,0,0,320,0,320,50726.000796749264,32240,13835,171663,1502,103,6.3634062874811566,0.43749316416930983,29.09604519774011,0.011592941118356057,0,8.15693382532059
137,4215752,São Bernardino (SC),Outras,2821,2180,100,0,0,2280,14640.639732569243,14912,13245,656520,1705,111,3.1041274661913096,3.117138794706333,31.35593220338983,0.02697238533967804,0,8.139612991055476
138,4204152,Celso Ramos (SC),Outras,2052,900,700,0,0,1600,55428.27253371185,31311,14532,533995,1922,120,2.257947380582973,2.1874658208465494,33.89830508474576,0.04179423839677127,0,8.120988479204506
139,4205209,Erval Velho (SC),Outras,5787,2660,2805,0,0,5465,42617.72814294831,22682,9449,121787,1543,71,6.367807744363383,7.471562944328995,20.056497175141246,0.01190116250370224,0,8.109112997888053
140,4213005,Pinheiro Preto (SC),Outras,1812,250,1000,0,0,1250,17006.32219845318,27878,5285,524973,559,123,1.9938599676492919,1.7089576725363667,34.74576271186441,0.013764675754471673,0,8.075619416759674
141,4208401,Itapiranga (SC),Outras,4441,2200,1365,0,0,3565,39730.00159911434,9722,16172,230101,1254,91,4.8867175034936565,4.8739472820737175,25.70621468926554,0.012602913745417122,0,8.07134117596886
142,4214706,Rio dos Cedros (SC),Outras,1762,47,183,870,0,1100,33614.160286738355,30537,27142,555250,1576,124,1.9388417566214418,1.5038827518320026,35.02824858757062,0.03990762498987116,0,8.064205782788616
143,4209508,Laurentino (SC),Outras,708,20,400,32,0,452,9794.212689257389,20474,23086,647359,960,135,0.7790578681543591,0.6179590943891502,38.13559322033898,0.06044731009470078,0,8.060323402528581
144,4202107,Barra Velha (SC),Outras,1466,0,0,385,0,385,4414.971105882352,13667,18360,318452,2249,130,1.6131339473365685,0.5263589631412009,36.72316384180791,0.06844020839419612,0,8.047663411554101
145,4209409,Laguna (SC),Outras,282,0,60,200,0,260,1300.9273362019972,38490,14021,435423,2073,138,0.3103027101970752,0.35546319588756425,38.983050847457626,0.3270128722867238,0,8.026783204261067
146,4206801,Ibicaré (SC),Outras,2994,500,2250,0,0,2750,5036.048657718121,23368,15555,472036,1270,104,3.294490476347671,3.759706879580007,29.37853107344633,0.018930360124016218,0,7.970597637318355
147,4211207,Morro da Fumaça (SC),Outras,1298,420,330,380,0,1130,6646.587452087956,20992,7949,436442,2216,125,1.4282727582829917,1.5448977359728755,35.31073446327684,0.0761574837787309,0,7.955882540425506
148,4212601,Peritiba (SC),Outras,792,80,500,0,0,580,9334.966176621776,15240,9506,634981,2037,130,0.8714884626811475,0.7929563600568741,36.72316384180791,0.11467528373266078,0,7.859360348687468
149,4215059,Rio Rufino (SC),Outras,1272,350,600,0,80,1030,26220.660009510222,15899,20488,540067,992,124,1.3996632885485094,1.4081811221699663,35.02824858757062,0.03478846369655482,0,7.85105599541825
150,4209003,Joaçaba (SC),Outras,4328,1400,2655,0,0,4055,26579.059519515187,48099,7955,793533,2429,84,4.762376346570715,5.543858689707974,23.728813559322035,0.025049087549087544,0,7.80106401434606
151,4209706,Lebon Régis (SC),Outras,8756,4180,2196,0,218,6594,68626.27437628411,19704,32122,414587,1397,38,9.63478911519713,9.01509351416384,10.734463276836157,0.007121853537578102,0,7.773554409580945
152,4220000,Balneário Rincão (SC),Outras,241,0,3,0,0,3,1598.3467587265056,35677,18315,173787,2114,135,0.2651877771542381,0.0041014984140872795,38.13559322033898,0.3899793388429752,0,7.759957674559599
153,4206108,Grão-Pará (SC),Outras,1823,0,425,2,0,427,14514.897671256162,38746,26676,181725,1287,122,2.005963974075419,0.5837799409384228,34.463276836158194,0.031499647556390974,0,7.7438377081482805
154,4218707,Tubarão (SC),Sul,6258,1450,1135,3400,0,5985,61083.2133837021,25296,38590,873469,2723,58,6.886079292245734,8.182489336104123,16.38418079096045,0.019422032273526124,0,7.7345284477314795
155,4212239,Paraíso (SC),Outras,3446,1900,800,0,0,2700,6323.203829059829,30240,19329,728924,1522,97,3.791855104039437,3.6913485726785518,27.401129943502823,0.01971175763603962,0,7.732183594047609
156,4212254,Passo de Torres (SC),Outras,998,150,100,692,0,942,6380.202500612895,19237,24312,308348,1925,124,1.0981634921158903,1.2878705020234058,35.02824858757062,0.08602352352352352,0,7.72057691761289
157,4205407,Florianópolis (SC),Outras,83,0,0,0,0,0,1340.7003822003824,21843,30952,799386,1418,134,0.09133023030623136,0.0,37.85310734463277,0.7536139455782311,0,7.677948444091557
158,4213708,Pouso Redondo (SC),Outras,4834,650,1100,2000,0,3750,34330.49028825931,25989,33533,127350,991,80,5.31916064217256,5.1268730176091,22.598870056497177,0.009150169892155415,0,7.664113507451321
159,4214151,Princesa (SC),Outras,2458,750,1000,0,0,1750,17639.72455921144,20320,27226,607872,649,108,2.704695254129117,2.3925407415509135,30.508474576271187,0.011782519026317316,0,7.647651691489789
160,4217253,São Pedro de Alcântara (SC),Outras,273,0,20,0,0,20,4528.602096177558,42274,30634,120155,1683,132,0.3003994322120622,0.027343322760581865,37.28813559322034,0.27421141814389993,0,7.5970238924228255
161,4218608,Trombudo Central (SC),Outras,1812,600,500,58,4,1162,21952.10851687305,19095,20652,390205,676,115,1.9938599676492919,1.5886470523898064,32.48587570621469,0.01664565440075644,0,7.593852458457718
162,4217204,São Miguel do Oeste (SC),Oeste,2982,1280,1080,0,0,2360,45605.024577082666,45610,55918,1591062,2214,99,3.2812861057009868,3.22651208574866,27.966101694915253,0.03313418897562377,0,7.5516119163131235
163,4204350,Cordilheira Alta (SC),Outras,691,320,190,0,0,510,8850.530971922246,31162,34206,519517,2063,125,0.76035167640489,0.6972547303948375,35.31073446327684,0.13308990503715937,0,7.515892652499504
164,4211009,Mondaí (SC),Outras,2139,650,970,0,0,1620,11891.909473816559,18345,29846,259750,2203,108,2.3536790677714325,2.2148091436071313,30.508474576271187,0.045957109479305744,0,7.483780585823953
165,4205431,Formosa do Sul (SC),Outras,838,520,120,0,0,640,10199.485677083332,47417,22527,504564,2494,122,0.9221052168267697,0.8749863283386197,34.463276836158194,0.13270475055337988,0,7.447409250261002
166,4206207,Gravatal (SC),Outras,558,318,5,200,0,523,2946.8417947310645,46782,5260,737633,1712,124,0.6140032350708085,0.7150278901892158,35.02824858757062,0.13672374137490417,0,7.412980196473702
167,4201505,Armazém (SC),Outras,988,0,550,0,0,550,5710.720450986533,38629,25598,275770,1387,121,1.0871598499103203,0.7519413759160013,34.18079096045198,0.06260833453705042,0,7.410910316991714
168,4207106,Ilhota (SC),Outras,3834,0,20,2750,0,2770,7439.741784683075,21538,5577,284638,1022,88,4.218796421615554,3.787050202340588,24.858757062146893,0.011897001303780966,0,7.396282410710348
169,4200804,Anchieta (SC),Outras,1954,1050,500,0,0,1550,46792.00675818374,20730,16587,673838,568,106,2.1501116869683865,2.1191075139450946,29.943502824858758,0.012970405553525756,0,7.272313574452314
170,4216354,São João do Itaperiú (SC),Outras,3220,0,0,1725,0,1725,10797.727558066541,36043,18676,153831,1185,96,3.5431727901935544,2.3583615881001863,27.11864406779661,0.016424025369228722,0,7.255072089689035
171,4213906,Presidente Castello Branco (SC),Outras,714,25,500,0,0,525,8733.19539148836,40755,26414,171887,514,120,0.7856600534777011,0.717762222465274,33.89830508474576,0.03209290709290709,0,7.237291881991957
172,4218954,Urupema (SC),Outras,790,0,30,0,665,695,4507.21493108224,25611,26171,674299,912,118,0.8692877342400334,0.9501804659302199,33.33333333333333,0.05147191620010836,0,7.213609681753243
173,4201307,Araquari (SC),Outras,2882,0,35,2340,0,2375,10455.358681349124,47115,19415,756431,1770,93,3.1712496836452866,3.2470195778190964,26.27118644067797,0.02740820573807046,0,7.178670392440026
174,4216305,São João Batista (SC),Outras,789,0,230,60,0,290,8351.557528409092,19522,22473,684648,1081,119,0.8681873700194764,0.39647818002843704,33.61581920903955,0.0610872513562387,0,7.132257691457459
175,4208450,Itapoá (SC),Outras,540,0,0,120,0,120,14884.843780322142,39794,9975,407215,1476,121,0.5941966791007823,0.1640599365634912,34.18079096045198,0.12179825719566939,0,7.09732183963611
176,4214003,Presidente Getúlio (SC),Outras,3612,450,1900,59,0,2409,23685.36663693131,9028,15060,192782,2347,86,3.9745155646518997,3.293503226512086,24.293785310734464,0.028999940690364157,0,7.076113310472115
177,4211108,Monte Castelo (SC),Outras,7767,5600,500,10,40,6150,26772.359792924934,36893,20532,300639,519,34,8.546528901066253,8.408071748878925,9.6045197740113,0.002982703766367515,0,7.014505277771815
178,4207858,Irati (SC),Outras,2097,1780,140,0,0,1920,10815.326512612453,22880,24604,131559,1345,98,2.307463770508038,2.624958985015859,27.683615819209038,0.028619944164510417,0,7.003437224190037
179,4207700,Ipumirim (SC),Outras,1467,300,500,0,0,800,6533.232584060933,27905,14500,559037,936,109,1.6142343115571254,1.0937329104232747,30.7909604519774,0.028464383028415724,0,6.999453765349135
180,4211058,Monte Carlo (SC),Outras,3319,1600,675,0,650,2925,15521.611804158283,24801,23257,85339,1458,83,3.6521088480286976,3.998960953735098,23.44632768361582,0.019605206540447506,0,6.969204392621028
181,4208302,Itapema (SC),Outras,21,0,0,0,0,0,208.93406593406596,25428,27187,96881,1969,116,0.023107648631697092,0.0,32.7683615819209,3.995535714285714,0,6.961313564833845
182,4200606,Águas Mornas (SC),Outras,416,0,125,0,0,125,2329.71731686027,15689,13069,99951,2343,119,0.4577515157517138,0.17089576725363664,33.61581920903955,0.25083504624871533,0,6.9511843187592905
183,4215901,São Bonifácio (SC),Outras,300,0,128,3,0,131,5923.558484349258,21033,29790,165049,1391,119,0.3301092661671013,0.17909876408181122,33.61581920903955,0.2063063597532036,0,6.904107411962168
184,4204558,Correia Pinto (SC),Outras,7296,5800,900,0,126,6826,37698.53650396329,9838,17655,481255,758,31,8.028257353183903,9.33227605818659,8.757062146892656,0.004637424381839895,0,6.894835259977729
185,4218400,Treze de Maio (SC),Outras,3322,450,850,1020,0,2320,10860.478682819088,19694,21709,484031,978,85,3.6554099406903684,3.1718254402274964,24.01129943502825,0.013138945015261597,0,6.875923620805679
186,4210035,Luzerna (SC),Outras,2522,550,1800,0,0,2350,18989.18613590462,18753,16926,86805,2418,88,2.775118564244765,3.2128404243683693,24.858757062146893,0.042784949889587226,0,6.7505315109960975
187,4216404,São João do Sul (SC),Outras,6169,150,300,4159,0,4609,120865.6086684726,31298,27636,551808,2449,49,6.7881468766161595,6.301268730176091,13.841807909604519,0.017719668904839083,0,6.721302138171066
188,4215356,Saltinho (SC),Outras,2430,1500,300,0,0,1800,8415.381260902068,24088,14857,716241,1466,90,2.6738850559535208,2.460899048452368,25.423728813559322,0.026921607803960745,0,6.638522455189086
189,4218350,Treviso (SC),Outras,103,0,40,10,0,50,547.765070093458,12249,15466,366822,1802,115,0.11333751471737144,0.06835830690145467,32.48587570621469,0.7735233516483517,0,6.631285183284217
190,4200200,Agrolândia (SC),Outras,3001,800,1250,175,0,2225,18979.81706961841,19084,26893,130302,517,83,3.3021930258915697,3.041944657114733,23.44632768361582,0.007688326829732559,0,6.60628809274687
191,4214300,Rancho Queimado (SC),Outras,406,0,132,0,0,132,6931.935719687421,41038,14336,96171,639,113,0.44674787354614376,0.1804659302198403,31.92090395480226,0.0700903825903826,0,6.592668067515602
192,4203204,Camboriú (SC),Outras,987,0,5,950,0,955,8653.784615384615,48256,13220,90585,1406,104,1.0860594856897634,1.3056436618177842,29.37853107344633,0.06353021978021978,0,6.588590972113152
193,4216602,São José (SC),Outras,51,0,20,0,0,20,973.7531800391389,25339,7309,598012,2461,112,0.05611857524840722,0.027343322760581865,31.63841807909605,2.112809065934066,0,6.5654418544397055
194,4200705,Alfredo Wagner (SC),Outras,8092,550,3100,128,0,3778,31067.002111815047,22191,34174,261137,1694,37,8.904147272747279,5.165153669473915,10.451977401129943,0.009344495242802422,0,6.499069892580295
195,4203709,Canelinha (SC),Outras,240,0,17,150,0,167,4812.881032011467,25793,31163,642347,2407,111,0.26408741293368104,0.22831674505085858,31.35593220338983,0.44587285121517484,0,6.465283506588987
196,4210852,Mirim Doce (SC),Outras,1807,0,200,1600,0,1800,19764.79518072289,9633,14886,169316,1749,90,1.988358146546507,2.460899048452368,25.423728813559322,0.04318603824273072,0,6.400214479940508
197,4206306,Guabiruba (SC),Outras,244,0,70,50,0,120,1207.3258426966293,43877,32054,118876,2434,110,0.2684888698159091,0.1640599365634912,31.07344632768362,0.4435131195335277,0,6.394026666066518
198,4217006,São Ludgero (SC),Outras,223,0,80,0,0,80,359.1236501420903,26321,15828,593406,2445,110,0.245381221184212,0.10937329104232746,31.07344632768362,0.4872847576530612,0,6.376644491477086
199,4209854,Lindóia do Sul (SC),Outras,1428,250,500,0,0,750,6463.521871202916,41581,24483,559747,1480,98,1.5713201069554021,1.0253746035218199,27.683615819209038,0.04623612916125162,0,6.3476524650727795
200,4203956,Capivari de Baixo (SC),Outras,1412,412,100,900,0,1412,2686.9460294816927,39607,6303,662397,984,94,1.5537142794264902,1.93043858689708,26.55367231638418,0.0310888686684865,0,6.340252994667226
201,4210209,Major Gercino (SC),Outras,395,0,50,0,0,50,3829.9334113859213,24252,17568,567996,2463,108,0.4346438671200167,0.06835830690145467,30.508474576271187,0.27766504329004327,0,6.298676349800611
202,4205175,Entre Rios (SC),Outras,2375,1800,200,1,0,2001,12042.481662591688,8535,22500,95230,1691,83,2.6133650238228854,2.7356994421962155,23.44632768361582,0.03177233645983646,0,6.291045389256212
203,4204251,Cocal do Sul (SC),Outras,1086,360,425,80,0,865,3736.764685355356,12017,20569,597104,1086,98,1.1949955435249067,1.1825987093951658,27.683615819209038,0.04460178735707715,0,6.255081460160024
204,4218103,Timbé do Sul (SC),Outras,3889,20,630,2339,0,2989,74272.74996003197,17960,21779,161628,982,66,4.2793164537461905,4.08645958656896,18.64406779661017,0.011269739258171136,0,6.249316188701258
205,4209607,Lauro Müller (SC),Outras,528,0,200,0,0,200,2690.9518716577545,27382,20551,140638,2477,105,0.5809923084540983,0.2734332276058187,29.66101694915254,0.20903659195247096,0,6.224812663886145
206,4202156,Belmonte (SC),Outras,3594,1200,1650,0,0,2850,8047.894373401534,13936,26315,481345,1176,68,3.954709008681874,3.896423493382916,19.2090395480226,0.014603616133518774,0,6.201522297602256
207,4207650,Iporã do Oeste (SC),Outras,5479,2200,1700,0,0,3900,20656.593091922005,12773,12851,782530,1760,47,6.028895564431827,5.331947938313464,13.27683615819209,0.014337851929092805,0,6.099901448960833
208,4213153,Planalto Alegre (SC),Outras,1330,600,350,0,0,950,5919.656607700313,19236,17114,359318,2086,93,1.4634844133408158,1.2988078311276388,26.27118644067797,0.06996619083395943,0,6.098155409670186
209,4200309,Agronômica (SC),Outras,4867,1800,1050,350,0,3200,8230.727885322225,30276,12839,678064,1732,54,5.355472661450941,4.374931641693099,15.254237288135593,0.01588361310012912,0,6.020584160868236
210,4216206,São Francisco do Sul (SC),Outras,140,0,0,42,0,42,1297.992799279928,8393,11950,336651,2290,104,0.15405099087798063,0.05742097779722192,29.37853107344633,0.7250506585612969,0,6.016484371801995
211,4202859,Braço do Trombudo (SC),Outras,1278,300,700,43,0,1043,22347.720959756254,8069,15903,576157,1653,91,1.4062654738718516,1.4259542819643443,25.70621468926554,0.057697140623254775,0,5.995694138261668
212,4204756,Cunhataí (SC),Outras,1360,550,570,0,0,1120,6744.502242152466,20129,21245,229569,529,90,1.496495339957526,1.5312260745925845,25.423728813559322,0.01735199958014065,0,5.993060850303159
213,4212700,Petrolândia (SC),Outras,5355,1400,1600,20,0,3020,43524.1047205643,39296,8741,796535,660,51,5.892450401082758,4.128841736847861,14.40677966101695,0.0055011735836978555,0,5.97647412415269
214,4210407,Maracajá (SC),Outras,2590,200,300,1850,0,2350,48478.95161290323,42516,26968,465754,2196,73,2.8499433312426414,3.2128404243683693,20.62146892655367,0.03783701824998621,0,5.928767759162749
215,4215604,Santa Rosa de Lima (SC),Outras,137,0,50,1,0,51,890.2586879939065,36655,34976,144758,1146,103,0.1507498982163096,0.06972547303948376,29.09604519774011,0.37072981366459634,0,5.926475853550061
216,4217956,Tigrinhos (SC),Outras,2546,1150,550,0,0,1700,49355.852864044165,16138,19878,644750,2335,77,2.801527305538133,2.3241824346494586,21.75141242937853,0.04092700095350272,0,5.9159553515717676
217,4202305,Biguaçu (SC),Outras,550,0,0,250,0,250,1772.9346668244764,8642,8490,528696,659,99,0.6052003213063524,0.3417915345072733,27.966101694915253,0.053393181228934404,0,5.895827653189986
218,4205357,Flor do Sertão (SC),Outras,1083,550,370,0,0,920,22322.98782287823,24788,7423,194876,1542,91,1.1916944508632357,1.2577928469867659,25.70621468926554,0.06350487612018976,0,5.879134695013951
219,4214904,Rio Fortuna (SC),Outras,811,0,25,0,0,25,4146.870021437437,47211,14731,368856,2090,98,0.8923953828717305,0.034179153450727334,27.683615819209038,0.11490587614356088,0,5.869096923823952
220,4214409,Rio das Antas (SC),Outras,6001,2400,2750,0,125,5275,17585.87497988737,42670,9573,219224,1695,31,6.603285687562583,7.211801378103468,8.757062146892656,0.012607404674632266,0,5.866773505018766
221,4219002,Urussanga (SC),Outras,1685,55,450,27,0,532,29817.405263157892,13708,23199,416577,1881,88,1.8541137116385522,0.7273323854314776,24.858757062146893,0.04980617691916624,0,5.807504925552658
222,4201901,Aurora (SC),Outras,5354,700,1700,0,0,2400,102762.40866153175,31219,11011,771348,812,50,5.891350036862201,3.2811987312698236,14.124293785310735,0.00676937441643324,0,5.707807890223017
223,4215109,Rodeio (SC),Outras,1134,0,38,610,0,648,3167.0076045627375,29700,25128,670083,1715,89,1.247813026111643,0.8859236574428525,25.141242937853107,0.06745594713656387,0,5.693209655784067
224,4205100,Dona Emma (SC),Outras,1473,100,750,12,0,862,13914.899935580846,17249,16767,196194,1058,84,1.6208364968804674,1.1784972109810785,23.728813559322035,0.03204351618530723,0,5.610884140136371
225,4207502,Indaial (SC),Vale,429,0,56,220,0,276,2033.6166328600405,17965,13600,171742,432,93,0.4720562506189549,0.3773378540960297,26.27118644067797,0.044850498338870434,0,5.518276489210123
226,4204004,Catanduvas (SC),Outras,1840,600,360,0,0,960,6765.996742983044,13525,25909,110891,1544,79,2.024670165824888,1.3124794925079295,22.316384180790962,0.0374408318460464,0,5.50377535050849
227,4211306,Navegantes (SC),Outras,1065,0,0,879,0,879,17099.755976095617,9680,18326,293642,726,84,1.1718878948932097,1.2017390353275732,23.728813559322035,0.030404047172339858,0,5.459398638626158
228,4211801,Ouro (SC),Outras,3222,800,1900,0,0,2700,7805.385732165207,43169,12333,145839,1652,58,3.545373518634668,3.6913485726785518,16.38418079096045,0.022882407694694386,0,5.442842273653331
229,4209904,Lontras (SC),Outras,1720,100,740,142,0,982,4424.565469293164,41252,22948,255586,1747,78,1.8926264593580475,1.3425571475445697,22.033898305084744,0.04531729891259234,0,5.409369938569667
230,4212502,Penha (SC),Outras,35,0,0,0,0,0,453.1662668854942,32055,5293,772853,580,94,0.03851274771949516,0.0,26.55367231638418,0.7192460317460317,0,5.396138528153263
231,4219200,Vidal Ramos (SC),Outras,5941,700,1400,0,0,2100,44070.6528034504,23092,12448,127320,919,42,6.5372638343291625,2.871048889861096,11.864406779661017,0.006904541520411598,0,5.379376374564725
232,4212304,Paulo Lopes (SC),Outras,1419,0,40,1250,0,1290,4923.059258756449,41295,8982,370455,1337,77,1.5614168289703891,1.7636443180575303,21.75141242937853,0.04203345070422535,0,5.341892800600147
233,4201802,Atalanta (SC),Outras,3359,1250,800,0,0,2050,16413.062944162437,39145,20418,367283,1480,59,3.696123416850978,2.8026905829596416,16.666666666666664,0.0196641156462585,0,5.329615586535712
234,4215505,Santa Cecília (SC),Outras,3570,2840,110,0,260,3210,26567.657365347175,41121,25953,428887,998,50,3.9283002673885057,4.388603303073389,14.124293785310735,0.01247649717966156,0,5.298162326134437
235,4202081,Bandeirante (SC),Outras,2171,1200,600,0,0,1800,14901.979752786834,29248,23194,228195,1308,67,2.388890722829257,2.460899048452368,18.926553672316384,0.026884372533543803,0,5.239335686819963
236,4215455,Sangão (SC),Outras,1766,0,40,683,0,723,11826.267280257707,40810,33299,667449,2299,76,1.9432432135036697,0.9884611177950345,21.468926553672315,0.0580837173579109,0,5.226844086645297
237,4212403,Pedras Grandes (SC),Outras,1282,30,400,40,0,470,15437.898850006184,36553,17061,485808,1994,80,1.4106669307540796,0.6425680848736739,22.598870056497177,0.06938258545818951,0,5.181087716827601
238,4209805,Leoberto Leal (SC),Outras,3440,0,1000,0,0,1000,72737.53672316384,16446,14577,518637,969,62,3.785252918716095,1.3671661380290931,17.51412429378531,0.012571615394196038,0,5.170712076354389
239,4202404,Blumenau (SC),Vale,319,0,106,10,0,116,9852.316307019939,27559,4982,124793,1283,88,0.3510161863576844,0.15859127201137482,24.858757062146893,0.17898995535714288,0,5.152153891193127
240,4200754,Alto Bela Vista (SC),Outras,1141,410,450,0,0,860,13192.492537313432,14860,14565,566875,567,78,1.2555155756555418,1.1757628787050203,22.033898305084744,0.02216506129597198,0,5.1423673383022415
241,4205191,Ermo (SC),Outras,4484,300,450,3324,0,4074,88278.26597582038,16567,11961,222770,1768,35,4.934033164977607,5.569834846330527,9.887005649717514,0.017598343685300208,0,5.098531283636826
242,4215554,Santa Helena (SC),Outras,1711,650,700,0,0,1350,19783.59601131923,32285,26299,83552,1429,70,1.8827231813730343,1.8456742863392759,19.774011299435028,0.037263225967957274,0,5.078900267549182
243,4205159,Doutor Pedrinho (SC),Outras,1355,300,146,844,0,1290,12370.197265625,35736,19012,724142,2400,72,1.490993518854741,1.7636443180575303,20.33898305084746,0.07901390644753477,0,5.038456811927787
244,4206751,Ibiam (SC),Outras,1872,355,1210,0,0,1565,56527.989596879066,38972,27974,164782,1038,65,2.059881820882712,2.1396150060155312,18.361581920903955,0.024740675768438716,0,4.930652840570467
245,4211504,Nova Trento (SC),Outras,1865,0,800,0,0,800,17792.34992479147,17971,8316,148654,1240,69,2.052179271338813,1.0937329104232747,19.491525423728813,0.029666207318940437,0,4.89296767805206
246,4217600,Siderópolis (SC),Outras,940,50,270,110,0,430,4286.3526075311165,34403,30760,89119,2319,77,1.034342367323584,0.5878814393525101,21.75141242937853,0.11001783816608471,0,4.8702744580936965
247,4201109,Anitápolis (SC),Outras,366,0,150,1,0,151,3331.8677217079726,46672,19926,427965,1506,82,0.4027333047238636,0.20644208684239307,23.163841807909606,0.1831938497469833,0,4.84365492492057
248,4216057,São Cristóvão do Sul (SC),Outras,1051,700,280,0,0,980,13989.42729519103,22803,20628,520840,653,72,1.1564827958054116,1.3398228152685114,20.33898305084746,0.02771082292232482,0,4.8102923748107465
249,4219358,Vitor Meireles (SC),Outras,3785,650,1100,20,0,1770,23221.79472693032,12683,7216,553924,1237,47,4.164878574808261,2.4198840643114954,13.27683615819209,0.014586163308429552,0,4.7195043652300255
250,4212809,Balneário Piçarras (SC),Outras,1200,0,0,220,0,220,10027.349177330896,27719,22182,741843,805,73,1.3204370646684052,0.30077655036640055,20.62146892655367,0.02992298084929226,0,4.6646331936212055
251,4213203,Pomerode (SC),Outras,250,0,88,0,0,88,1334.1400451758632,11262,13243,570783,1289,79,0.2750910551392511,0.1203106201465602,22.316384180790962,0.22926152532726238,0,4.612562513026297
252,4211405,Nova Erechim (SC),Outras,2105,1430,400,0,0,1830,40524.54739368084,49847,33210,346224,2169,56,2.316266684272494,2.5019140325932407,15.819209039548024,0.045978327228327225,0,4.604611488276121
253,4208609,Jaborá (SC),Outras,3824,1500,1610,0,0,3110,23917.853989813244,44058,23097,701026,1187,36,4.207792779409985,4.2518866892704805,10.16949152542373,0.013853874883286649,0,4.5709828376841894
254,4205704,Garopaba (SC),Outras,269,0,5,172,0,177,3669.183065380493,33759,28859,691033,2434,77,0.2959979753298342,0.24198840643114952,21.75141242937853,0.40244708994708994,0,4.554623587843644
255,4202578,Bom Jesus do Oeste (SC),Outras,3875,2000,600,0,0,2600,31741.307778456525,12936,12119,749205,1721,38,4.263911354658392,3.5546319588756425,10.734463276836157,0.01982207356626861,0,4.529901826573206
256,4201653,Arvoredo (SC),Outras,585,250,150,0,0,400,1566.687528064661,42578,12273,289959,2343,73,0.6437130690258476,0.5468664552116373,20.62146892655367,0.17849524622135543,0,4.504159497894826
257,4204509,Corupá (SC),Outras,5414,0,40,59,0,99,67343.96533390047,21218,32821,441983,1589,42,5.957371890095621,0.13534944766488025,11.864406779661017,0.013100184672206833,0,4.493108897849112
258,4212650,Pescaria Brava (SC),Outras,225,0,2,0,0,2,1337.8373217922608,20731,8710,91018,2238,77,0.247581949625326,0.0027343322760581866,21.75141242937853,0.442082806573957,0,4.48182803197098
259,4208906,Jaraguá do Sul (SC),Outras,2650,0,145,800,0,945,18163.520698822635,44483,11416,313657,1305,53,2.915965184476062,1.2919720004374933,14.971751412429379,0.02197620843886404,0,4.340128718005757
260,4218756,Tunápolis (SC),Outras,2215,1400,500,0,0,1900,19486.037212984957,47678,17865,761270,1568,50,2.4373067485337647,2.5976156622552775,14.124293785310735,0.0315884476534296,0,4.330478879378127
261,4218202,Timbó (SC),Vale,700,0,70,500,0,570,6403.97605331526,5607,8908,375845,1504,66,0.770254954389903,0.7792846986765832,18.64406779661017,0.09578153658039536,0,4.202802121685686
262,4206702,Herval d'Oeste (SC),Outras,1928,500,1270,0,0,1770,26031.639261744967,19465,8502,202895,1591,50,2.1215022172339046,2.4198840643114954,14.124293785310735,0.03682052136562245,0,4.17603760130845
263,4209151,José Boiteux (SC),Outras,1663,0,480,3,0,483,13119.195795194508,36353,8903,320631,1598,59,1.8299056987862983,0.6603412446680521,16.666666666666664,0.04287216689560439,0,4.14317285576511
264,4217550,Serra Alta (SC),Outras,3547,1700,640,0,0,2340,34513.39336326028,29588,28777,622459,2303,34,3.902991890315694,3.1991687629880783,9.6045197740113,0.02897759301014656,0,4.0896410664607865
265,4208203,Itajaí (SC),Vale,2013,0,0,1900,0,1900,15115.083185478368,15797,9259,297489,995,47,2.2150331759812496,2.5976156622552775,13.27683615819209,0.022055433394807776,0,4.082238302135155
266,4214805,Rio do Sul (SC),Outras,1593,450,500,340,0,1290,16200.39574468085,8206,16509,629737,1915,53,1.7528802033473079,1.7636443180575303,14.971751412429379,0.05363304355619287,0,4.054132737527436
267,4217105,São Martinho (SC),Outras,555,0,50,0,0,50,1999.6796973518285,11943,6363,730387,1223,65,0.6107021424091374,0.06835830690145467,18.361581920903955,0.09819822713257964,0,3.9129715334626107
268,4202503,Bom Jardim da Serra (SC),Outras,1739,0,75,0,1450,1525,9094.91656818719,14037,23563,438872,1982,48,1.9135333795486307,2.084928360494367,13.559322033898304,0.05085180623973728,0,3.907918360369247
269,4201703,Ascurra (SC),Outras,667,0,30,530,0,560,1149.385911179173,24847,11579,245754,554,60,0.7339429351115219,0.7656130372962923,16.94915254237288,0.03702416595380667,0,3.8418162116830623
270,4216255,São João do Oeste (SC),Outras,2130,900,1000,0,0,1900,3132.7970965563804,27261,32401,465714,1724,41,2.3437757897864193,2.5976156622552775,11.581920903954803,0.036116511362874575,0,3.789721273916314
271,4207577,Iomerê (SC),Outras,2888,450,2050,0,0,2500,43923.529411764706,11158,6320,762361,2243,32,3.1778518689686286,3.4179153450727333,9.03954802259887,0.03466041141274786,0,3.7781026360682524
272,4205902,Gaspar (SC),Outras,2921,0,9,2680,0,2689,20884.65547404063,19315,9142,298490,2437,30,3.21416388824701,3.676309745160232,8.47457627118644,0.03723293732277305,0,3.7426733451460765
273,4202099,Barra Bonita (SC),Outras,1167,245,600,0,0,845,9749.256190985214,38707,15280,297625,1649,53,1.2841250453900241,1.1552553866345838,14.971751412429379,0.0630274584148728,0,3.738910640872518
274,4219176,Vargem Bonita (SC),Outras,1811,1100,500,0,0,1600,22707.31576908175,18881,16349,244603,849,43,1.992759603428735,2.1874658208465494,12.146892655367232,0.020917100283822137,0,3.6758025575135234
275,4215075,Riqueza (SC),Outras,2551,800,1000,0,0,1800,34016.35674074074,16270,17371,333256,1108,36,2.807029126640918,2.460899048452368,10.16949152542373,0.01938255709807434,0,3.633521517231967
276,4211900,Palhoça (SC),Outras,692,0,0,640,0,640,2861.5135135135133,44780,28437,87413,1757,52,0.761452040625447,0.8749863283386197,14.689265536723164,0.1131854256854257,0,3.434426446216737
277,4219408,Witmarsum (SC),Outras,1815,200,700,8,0,908,16821.66586492207,49342,13299,108882,1782,42,1.9971610603109629,1.2413868533304169,11.864406779661017,0.04380703272498426,0,3.3866151436461434
278,4206009,Governador Celso Ramos (SC),Outras,17,0,0,0,0,0,588.2111423220974,25602,13411,405414,1143,53,0.018706191749469074,0.0,14.971751412429379,2.8348214285714284,0,3.2843795924553327
279,4216008,São Carlos (SC),Outras,1936,900,800,0,0,1700,17062.61125010088,36563,20191,248890,550,32,2.1303051309983605,2.3241824346494586,9.03954802259887,0.012676082306954791,0,3.1358296172622606
280,4213351,Ponte Alta do Norte (SC),Outras,664,490,170,0,0,660,4967.737712474791,48277,19732,543750,980,46,0.7306418424498509,0.9023296510992016,12.994350282485875,0.06578947368421052,0,3.0867560614978444
281,4208005,Itá (SC),Outras,1205,550,300,0,0,850,3564.7037361354346,13777,6829,241896,1316,40,1.3259388857711902,1.1620912173247293,11.299435028248588,0.04871475953565505,0,3.019359895954382
282,4213104,Piratuba (SC),Outras,1816,800,400,0,0,1200,28941.71050016562,22879,16745,403205,2229,33,1.9982614245315198,1.6405993656349118,9.322033898305085,0.05476550829467726,0,2.9794246704852445
283,4202909,Brusque (SC),Vale,101,0,0,20,0,20,309.8906043811032,26252,8574,199676,1423,49,0.11113678627625743,0.027343322760581865,13.841807909604519,0.62281162464986,0,2.8763764502727254
284,4219606,Xavantina (SC),Outras,1094,250,570,0,0,820,12086.639611178614,15940,10871,202681,2067,38,1.2037984572893627,1.1210762331838564,10.734463276836157,0.08427103718199608,0,2.856918277432672
285,4206900,Ibirama (SC),Outras,838,0,420,50,0,470,4904.975893979207,11996,28096,158515,1336,41,0.9221052168267697,0.6425680848736739,11.581920903954803,0.07108802996764857,0,2.8068718308955134
286,4210050,Macieira (SC),Outras,1551,150,1200,0,5,1355,4748.282020872865,49952,27454,590550,2382,30,1.7066649060839139,1.8525101170294216,8.47457627118644,0.06851758100147276,0,2.7622272587241605
287,4215687,Santa Terezinha do Progresso (SC),Outras,641,370,80,0,0,450,3924.251547755004,42084,14757,687068,980,41,0.7053334653770398,0.615224762113092,11.581920903954803,0.06814641744548286,0,2.723871725945746
288,4201208,Antônio Carlos (SC),Outras,433,0,3,0,0,3,6821.124118476729,24205,29531,747606,1961,42,0.4764577075011829,0.0041014984140872795,11.864406779661017,0.20171576695194207,0,2.5608385048563336
289,4202701,Botuverá (SC),Outras,380,0,150,0,0,150,5916.345313258864,25582,34261,425048,2106,41,0.4181384038116616,0.20507492070436398,11.581920903954803,0.2467660292463442,0,2.5386779552257677
290,4211876,Paial (SC),Outras,502,150,200,0,0,350,1862.0002507208226,12501,12268,780429,1532,39,0.5523828387196162,0.4785081483101827,11.016949152542372,0.13596989491621697,0,2.5299478506295077
291,4202073,Balneário Gaivota (SC),Outras,461,150,110,0,0,260,1761.908611348731,47442,21739,378300,975,39,0.507267905676779,0.35546319588756425,11.016949152542372,0.09421382189239333,0,2.4792207786564777
292,4202800,Braço do Norte (SC),Outras,823,0,450,0,0,450,3622.130439419795,31898,32400,426605,713,35,0.9055997535184147,0.615224762113092,9.887005649717514,0.03862907420249653,0,2.452030141623471
293,4202206,Benedito Novo (SC),Outras,823,0,395,328,0,723,3332.5455520712985,44031,28748,610091,2055,33,0.9055997535184147,0.9884611177950345,9.322033898305085,0.11133625173370318,0,2.439615598014591
294,4218251,Timbó Grande (SC),Vale,1410,350,800,0,0,1150,10963.169976171564,22430,8967,64618,1200,24,1.5515135509853761,1.5722410587334572,6.779661016949152,0.03796699402652627,0,2.2958189103207287
295,4213500,Porto Belo (SC),Outras,35,0,0,0,0,0,143.51997146932953,9860,28043,337847,729,38,0.03851274771949516,0.0,10.734463276836157,0.9040178571428572,0,2.25077390278334
